userId,movieId,rating
15,101,4
19,101,3
56,101,4
73,101,3.5
83,101,3.5
119,101,2
143,101,5
275,101,4.5
309,101,5
388,101,4
408,101,3
434,101,5
461,101,3.5
472,101,4
509,101,4.5
580,101,4
624,101,3.5
135,102,3
223,102,3
232,102,2
311,102,0.5
358,102,1
390,102,3
487,102,3
518,102,3
564,102,4
636,102,3
641,102,3
224,103,4
284,103,4
434,103,3
564,103,5
5,104,4
7,104,3
15,104,1
23,104,3.5
25,104,4
43,104,2
44,104,4
55,104,5
56,104,4
61,104,4
67,104,3
69,104,4
70,104,3
73,104,2.5
74,104,4
87,104,4
88,104,0.5
91,104,4
94,104,2.5
105,104,3.5
113,104,5
120,104,5
125,104,4
130,104,1.5
135,104,3
136,104,4.5
149,104,1
150,104,5
164,104,4
165,104,4
187,104,4
195,104,1
201,104,3
212,104,3
213,104,2
217,104,4.5
219,104,5
239,104,4
247,104,4
252,104,3
253,104,3.5
268,104,3.5
271,104,2
285,104,4
294,104,3.5
297,104,2
329,104,3
350,104,5
353,104,3.5
358,104,1
380,104,4
382,104,1
387,104,3
388,104,2
390,104,1
408,104,3
416,104,3
417,104,2.5
425,104,3
430,104,2
433,104,3
442,104,4.5
452,104,1
457,104,3.5
459,104,4
461,104,3.5
462,104,4.5
468,104,2
473,104,3.5
479,104,4
484,104,3
487,104,3
502,104,4
509,104,2
518,104,4
519,104,4
535,104,3
559,104,4
561,104,4
564,104,2
570,104,3.5
574,104,3
580,104,3
584,104,3.5
592,104,5
598,104,5
603,104,4
605,104,4
607,104,3
624,104,3
640,104,3
648,104,3
654,104,4.5
665,104,4
19,105,3
66,105,2
80,105,3
86,105,3
99,105,3
105,105,3.5
111,105,0.5
113,105,5
121,105,3
182,105,4
193,105,4
232,105,4
255,105,4
266,105,3
283,105,3
288,105,3
306,105,2
311,105,4
312,105,5
325,105,2
338,105,3
385,105,3
388,105,2
405,105,3.5
411,105,4
419,105,3.5
447,105,4
452,105,1
458,105,3.5
461,105,2.5
485,105,2.5
493,105,4
496,105,5
529,105,4
534,105,2
537,105,4
548,105,4
551,105,3
555,105,2
564,105,4
573,105,2
605,105,2
650,105,3
654,105,4
659,105,3
665,105,1
666,105,3
667,105,3
15,107,2
20,107,3.5
67,107,3
70,107,5
73,107,3
89,107,4
154,107,4
172,107,5
173,107,3
175,107,4
177,107,3
284,107,2
294,107,4
301,107,1
361,107,4
420,107,4
434,107,2
468,107,3
514,107,2
534,107,4
543,107,5
564,107,4
575,107,4
602,107,4
624,107,4
640,107,3
654,107,4
564,108,4
2,110,4
3,110,4
7,110,5
8,110,4
13,110,4
15,110,3
19,110,3
20,110,2
23,110,3.5
28,110,4
30,110,5
32,110,5
34,110,4
38,110,4
39,110,5
41,110,4
42,110,4
43,110,5
47,110,5
48,110,4
50,110,4
57,110,5
64,110,4
66,110,4
67,110,5
72,110,3.5
73,110,4
74,110,5
77,110,3.5
78,110,1.5
82,110,5
84,110,4
85,110,5
86,110,3
89,110,5
91,110,5
92,110,5
94,110,4.5
97,110,1
99,110,3
104,110,4.5
105,110,3.5
108,110,3
111,110,4
119,110,5
121,110,5
124,110,5
128,110,5
130,110,3
133,110,2.5
134,110,3
139,110,3.5
145,110,4
150,110,4.5
151,110,4
152,110,0.5
153,110,3
155,110,4
159,110,4
163,110,4
164,110,3
165,110,4.5
168,110,3
171,110,5
178,110,3.5
182,110,5
185,110,4
188,110,5
191,110,3
194,110,4
195,110,3
199,110,4.5
200,110,3.5
201,110,5
205,110,3
211,110,5
212,110,5
213,110,2.5
214,110,5
217,110,4
220,110,4
224,110,5
225,110,4
232,110,5
235,110,2.5
237,110,1.5
242,110,5
243,110,4
244,110,3.5
245,110,5
247,110,5
248,110,5
251,110,4
253,110,5
257,110,1.5
261,110,5
262,110,3
263,110,3.5
268,110,4.5
271,110,4
275,110,5
277,110,5
279,110,4
282,110,4.5
285,110,5
288,110,5
292,110,4
293,110,3.5
294,110,3
295,110,4
300,110,5
306,110,3
311,110,3
313,110,5
319,110,4
324,110,4
328,110,4
330,110,4
338,110,3
339,110,4.5
344,110,4
345,110,4.5
346,110,2
353,110,3.5
355,110,4
358,110,1
363,110,1
369,110,5
370,110,4
371,110,4.5
375,110,3
379,110,4
380,110,5
383,110,3
384,110,4.5
385,110,3
388,110,5
389,110,5
390,110,3
391,110,4
394,110,2.5
395,110,3
396,110,3
400,110,5
405,110,2
409,110,4
410,110,5
412,110,3
415,110,5
417,110,5
421,110,5
423,110,3.5
430,110,4
431,110,5
440,110,5
441,110,3
442,110,4.5
447,110,5
452,110,4
457,110,3
458,110,4
461,110,4
463,110,5
468,110,3
473,110,5
475,110,4
480,110,4
483,110,4
487,110,5
495,110,5
496,110,5
500,110,3.5
505,110,2.5
509,110,5
513,110,5
514,110,3
516,110,4
517,110,5
522,110,4
523,110,5
525,110,5
527,110,3.5
532,110,3.5
533,110,3
534,110,5
535,110,4
536,110,5
538,110,4
544,110,4
545,110,1
548,110,5
550,110,3
553,110,5
555,110,3
559,110,5
562,110,4
564,110,1
569,110,3
570,110,3
577,110,4.5
580,110,4.5
584,110,5
585,110,4
586,110,1
588,110,5
589,110,3
590,110,5
592,110,4
594,110,5
596,110,4
598,110,4
602,110,3
603,110,5
605,110,3
607,110,4.5
623,110,4
627,110,4
628,110,1.5
629,110,5
632,110,5
639,110,4
654,110,4.5
658,110,4
659,110,3
664,110,4
666,110,2
667,110,4
670,110,3
6,111,4
15,111,5
17,111,5
19,111,5
23,111,5
27,111,4
30,111,4
31,111,4.5
36,111,4
48,111,3
53,111,4
56,111,4
59,111,2.5
60,111,4.5
62,111,4
73,111,3.5
77,111,4
78,111,3.5
81,111,4
94,111,3.5
102,111,5
105,111,4
118,111,4
119,111,5
125,111,4
128,111,1
133,111,0.5
147,111,5
152,111,3.5
159,111,4
160,111,4
164,111,4.5
165,111,4
168,111,5
171,111,5
177,111,4
178,111,4.5
193,111,5
195,111,2
199,111,4
214,111,5
215,111,4
231,111,4
232,111,5
236,111,4.5
240,111,5
242,111,5
250,111,4
257,111,5
262,111,3.5
265,111,4
268,111,3
278,111,4
290,111,4
297,111,3.5
299,111,4.5
312,111,5
324,111,3.5
345,111,5
348,111,5
358,111,5
360,111,5
373,111,4
385,111,5
386,111,4
387,111,5
388,111,5
391,111,3
406,111,5
423,111,5
428,111,5
433,111,5
434,111,4
436,111,4
447,111,3
450,111,5
452,111,4
457,111,5
461,111,3.5
468,111,4
472,111,4
475,111,4.5
476,111,4
481,111,5
483,111,3
499,111,5
501,111,0.5
505,111,3
509,111,5
511,111,5
514,111,5
519,111,4
520,111,5
528,111,3.5
529,111,4
533,111,3
538,111,5
544,111,4.5
545,111,5
547,111,5
558,111,5
563,111,4.5
564,111,3
574,111,5
577,111,5
580,111,4.5
587,111,4
595,111,5
596,111,5
608,111,5
618,111,5
619,111,5
635,111,3.5
639,111,5
647,111,5
648,111,3
658,111,5
664,111,4
4,112,5
7,112,4
15,112,2.5
19,112,3
21,112,4
55,112,3
63,112,3
67,112,3
70,112,5
73,112,3.5
80,112,4
87,112,3
92,112,4
119,112,3
121,112,3
150,112,4
165,112,2
173,112,4
188,112,4
195,112,1
204,112,2.5
217,112,3
221,112,3
254,112,3
261,112,0.5
285,112,3
294,112,3
295,112,3
305,112,3
312,112,2
346,112,4
353,112,2
354,112,5
390,112,4
413,112,3
423,112,4
490,112,4
502,112,4
507,112,4
514,112,3
516,112,3
548,112,3
564,112,3
575,112,4
580,112,3.5
608,112,3
647,112,4
649,112,3
654,112,4
223,113,2
452,113,3
564,113,4
641,113,3
659,113,4
555,114,3
86,116,4
358,116,5
547,116,4.5
564,116,5
640,116,5
641,116,5
102,117,4
299,117,4
472,117,3
514,117,4
608,117,2
609,117,1
30,118,3
162,118,3
509,118,3
564,118,4
605,118,1
452,119,3
86,121,3
135,121,4
472,121,4
558,121,4
564,121,4
19,122,3
110,122,4
111,122,3.5
168,122,3
219,122,4
254,122,3
311,122,2.5
344,122,3
388,122,3
416,122,3
461,122,1.5
487,122,3
518,122,3
522,122,2.5
536,122,3
564,122,4
593,122,3
624,122,2
665,122,4
15,123,4
408,123,5
429,123,4
472,123,3
547,123,4
587,123,3
608,123,5
86,124,3
15,125,3.5
19,125,3
102,125,4
121,125,3
224,125,4
312,125,5
388,125,4
439,125,3
472,125,5
491,125,4
502,125,4
509,125,4
511,125,3
537,125,1
545,125,3
547,125,5
564,125,5
585,125,4
587,125,4.5
605,125,2
652,125,4
11,126,4
86,126,1
132,126,4
182,126,3
232,126,3
420,126,3
518,126,3
525,126,3
551,126,2
564,126,1
665,129,3
41,130,4.5
564,131,2
110,132,4
254,132,3
306,132,3
330,132,1
463,132,2
516,132,3
536,132,3
564,132,4
44,135,4
70,135,4
100,135,3
110,135,4
113,135,5
127,135,5
135,135,1
152,135,1.5
217,135,3.5
239,135,4
252,135,4
306,135,1
311,135,3
313,135,4
361,135,3
389,135,4
390,135,2
459,135,2
465,135,1
468,135,1.5
516,135,4
524,135,3
551,135,3
559,135,3
624,135,2
637,135,2.5
641,135,3
564,137,1
18,140,3
113,140,5
128,140,5
162,140,4
233,140,3
256,140,3
284,140,3
306,140,3
311,140,2
358,140,3
361,140,3
412,140,4
416,140,3
493,140,4
496,140,4
509,140,2
516,140,4
616,140,4
640,140,3
641,140,4
650,140,4
652,140,4
665,140,3
4,141,5
5,141,4
7,141,4
18,141,4
19,141,3
30,141,4
44,141,2
55,141,4
67,141,1
70,141,5
77,141,3
78,141,4
80,141,3
83,141,4
86,141,4
87,141,4
88,141,4.5
90,141,3
92,141,4
100,141,3
111,141,3.5
112,141,4
119,141,4
130,141,2.5
134,141,5
161,141,5
162,141,5
172,141,3
182,141,4
187,141,4
211,141,5
213,141,2
223,141,3
232,141,3
233,141,4
235,141,3.5
239,141,4
240,141,3.5
242,141,3
256,141,4
292,141,4
306,141,4
312,141,2
319,141,5
324,141,4
328,141,3.5
338,141,3
345,141,3.5
357,141,3
358,141,3
383,141,3
387,141,4
390,141,5
403,141,3
413,141,3
430,141,4
434,141,1
442,141,4.5
447,141,4
461,141,2
462,141,4
472,141,2.5
487,141,5
490,141,4
496,141,2
505,141,3
506,141,3
507,141,3
508,141,4
518,141,4
523,141,4
529,141,3
535,141,3
537,141,4
543,141,5
547,141,1
548,141,4
561,141,4
562,141,4
564,141,4
574,141,4
580,141,2.5
590,141,4
593,141,5
596,141,4
607,141,3
616,141,3
636,141,3
640,141,5
641,141,5
649,141,3
650,141,1
654,141,4
2,144,3
36,144,4
86,144,3
182,144,3
242,144,4
306,144,3
344,144,3
356,144,3
358,144,4
388,144,3
391,144,5
407,144,4
420,144,4
452,144,3
461,144,1.5
472,144,4
492,144,2
509,144,4
514,144,3
536,144,5
537,144,3
547,144,2
555,144,4
602,144,1
659,144,3
667,144,5
15,145,3.5
19,145,4
36,145,3
39,145,3
73,145,3
92,145,3
101,145,3.5
119,145,4
128,145,4
134,145,1
148,145,2
150,145,2.5
161,145,3
165,145,3.5
168,145,3
189,145,2
200,145,4.5
212,145,2.5
247,145,3
254,145,3
290,145,4.5
332,145,4.5
339,145,3.5
380,145,3
384,145,3.5
385,145,4
388,145,3
432,145,4
455,145,3
457,145,2
473,145,4.5
487,145,4
516,145,3
546,145,3
550,145,4
552,145,3
564,145,2
572,145,4.5
574,145,3.5
580,145,2
589,145,3
596,145,4.5
624,145,4
182,146,5
254,146,4
605,146,4
36,147,3
56,147,2
73,147,4.5
86,147,5
102,147,4
153,147,4
166,147,4.5
187,147,4
212,147,2
254,147,3
293,147,4
430,147,4.5
457,147,4
487,147,4
509,147,3
514,147,4
564,147,2
580,147,4.5
596,147,3.5
602,147,3
627,147,4
575,148,4
15,149,5
224,149,5
254,149,4
564,149,5
608,149,4
647,149,3
2,150,5
5,150,4
15,150,3
19,150,3
20,150,3
23,150,3.5
24,150,3
30,150,5
32,150,5
34,150,4
39,150,4
47,150,4
50,150,3
58,150,5
59,150,4
63,150,4
64,150,3
68,150,4
72,150,3.5
73,150,3.5
78,150,3.5
79,150,2.5
82,150,4
83,150,5
86,150,4
88,150,4
92,150,3
93,150,4
94,150,5
102,150,4
104,150,4
105,150,3
110,150,5
111,150,4
121,150,4
122,150,3
125,150,4.5
126,150,5
130,150,4
142,150,3
144,150,3
145,150,3
146,150,4
151,150,5
152,150,3.5
159,150,3.5
161,150,4
163,150,4.5
168,150,4
172,150,4
177,150,5
182,150,5
185,150,3
188,150,5
191,150,4
194,150,4
195,150,3
201,150,5
212,150,4
213,150,1.5
224,150,5
225,150,4
232,150,4
240,150,4
241,150,2
242,150,5
243,150,2.5
253,150,4
254,150,3
261,150,3.5
266,150,5
268,150,4.5
273,150,3.5
279,150,4
281,150,3.5
282,150,4.5
283,150,4
286,150,5
288,150,3
290,150,4
292,150,4
295,150,4.5
300,150,4.5
304,150,4
306,150,4
308,150,3
311,150,5
313,150,3.5
317,150,4
324,150,4
328,150,4
330,150,2
338,150,4
342,150,5
353,150,2
355,150,3
365,150,5
369,150,4
375,150,5
380,150,4
382,150,3
383,150,4
385,150,4
388,150,4.5
389,150,4
391,150,2
396,150,5
400,150,4
402,150,4.5
407,150,5
408,150,3
409,150,4
415,150,3
416,150,3
418,150,4
421,150,4
426,150,4.5
430,150,4
431,150,4
432,150,4.5
434,150,3
437,150,5
440,150,5
441,150,3.5
442,150,4
447,150,4
449,150,4
452,150,4
461,150,3
466,150,4
468,150,3
471,150,4.5
472,150,3
479,150,5
480,150,4.5
487,150,4
495,150,4
496,150,4
502,150,3
508,150,5
509,150,3
511,150,4
513,150,3
514,150,4
523,150,3.5
533,150,4
534,150,5
536,150,5
537,150,4
538,150,4
544,150,5
547,150,4
548,150,3
551,150,4
555,150,3
556,150,5
559,150,5
560,150,4.5
561,150,4
562,150,4.5
563,150,2.5
564,150,3
565,150,3
568,150,3
570,150,3.5
571,150,4
574,150,3
577,150,4.5
587,150,4.5
588,150,4
589,150,4
590,150,5
592,150,4
593,150,4
595,150,4
596,150,3.5
599,150,1.5
602,150,3
603,150,4
605,150,4
607,150,4
619,150,5
623,150,4
624,150,3
627,150,3
629,150,3
632,150,4
633,150,4
639,150,4
641,150,4
649,150,4
653,150,4
654,150,5
657,150,4
658,150,5
659,150,5
662,150,4
666,150,4
667,150,4
670,150,3
7,151,4
21,151,4
36,151,3
57,151,5
63,151,0.5
67,151,5
83,151,0.5
86,151,4
92,151,3
105,151,3.5
119,151,3
168,151,3
194,151,3
204,151,3
212,151,3
224,151,4
232,151,2
243,151,3
248,151,4
253,151,4.5
279,151,3
328,151,3.5
353,151,2.5
354,151,5
370,151,4
385,151,4
389,151,4
391,151,2
396,151,5
407,151,3
421,151,4
447,151,3
463,151,3
496,151,5
509,151,4
513,151,5
514,151,4
534,151,3
537,151,4
555,151,3
564,151,5
569,151,4
590,151,4
639,151,4
649,151,3
658,151,5
659,151,4
667,151,3
10,152,4
564,152,4
580,152,3.5
2,153,4
4,153,4
15,153,1
19,153,3
20,153,4
22,153,3
23,153,3
26,153,3.5
32,153,4
39,153,3
47,153,4
64,153,5
73,153,1
74,153,4
82,153,3
85,153,4
88,153,2
92,153,3
105,153,3
108,153,3
110,153,3
114,153,3
116,153,1.5
119,153,1
121,153,3
122,153,3
126,153,4
128,153,3
130,153,0.5
132,153,3.5
134,153,3
144,153,3
145,153,5
146,153,2
150,153,3
151,153,1
161,153,3
163,153,0.5
168,153,3
188,153,3
191,153,2
201,153,4
212,153,2.5
213,153,4
224,153,4
225,153,4
232,153,4
237,153,2.5
239,153,3
241,153,3
243,153,2
247,153,3
249,153,2
254,153,3
268,153,2
276,153,1.5
279,153,2
281,153,3
285,153,2
288,153,2
292,153,3.5
294,153,4
295,153,3
305,153,3
311,153,3
317,153,2
319,153,4
338,153,3
344,153,1
345,153,2
353,153,1.5
354,153,3
355,153,3
358,153,2
369,153,3
384,153,3
389,153,3
390,153,3
396,153,3
400,153,3
409,153,3
416,153,3
418,153,2
423,153,2
428,153,1.5
430,153,1
442,153,4
447,153,3
453,153,5
457,153,2
461,153,0.5
464,153,5
466,153,2
468,153,1
475,153,1
487,153,3
496,153,2
514,153,3
516,153,2
517,153,3
518,153,3
534,153,3
535,153,3
536,153,4
538,153,3
547,153,2
550,153,1
552,153,2
561,153,3
564,153,3
568,153,5
574,153,2
575,153,4
580,153,2
588,153,4
589,153,3
590,153,3
602,153,3
607,153,3
608,153,1
619,153,2
623,153,3
624,153,2.5
641,153,3
649,153,4
654,153,3.5
657,153,2
659,153,3
666,153,2
19,154,4
23,154,4
81,154,4
86,154,4
99,154,3
224,154,4
254,154,5
262,154,2
265,154,4
409,154,4
492,154,5
509,154,4
516,154,4
536,154,2
555,154,4
587,154,4
311,155,4.5
467,155,3
472,155,3
516,155,4
547,155,2
552,155,3
564,155,2
602,155,3
659,155,3
80,156,5
254,156,4
344,156,4
434,156,2
441,156,4
514,156,4
537,156,3
547,156,2.5
564,156,5
596,156,5
602,156,5
15,157,2
33,157,1
239,157,4
285,157,4
358,157,1
514,157,2
520,157,2
564,157,3
6,158,2
22,158,1
30,158,3
32,158,3
48,158,3
61,158,1.5
69,158,3
73,158,2
85,158,1
114,158,4
161,158,4
165,158,2
188,158,3
192,158,3
194,158,3
212,158,3
213,158,3
224,158,5
241,158,3
243,158,2
255,158,2
288,158,5
292,158,4
302,158,3
311,158,2
332,158,0.5
338,158,3
357,158,3
382,158,2.5
396,158,3
416,158,2
417,158,0.5
418,158,4
421,158,3
447,158,3
461,158,1
464,158,4
468,158,2
477,158,2
480,158,4.5
487,158,3
496,158,4
500,158,2.5
518,158,4
530,158,3
531,158,2.5
534,158,5
536,158,4
564,158,3
577,158,1.5
582,158,3.5
591,158,2
592,158,2
624,158,3
645,158,3
654,158,4
662,158,4
665,158,4
19,159,4
86,159,3
102,159,4
388,159,4.5
509,159,3
514,159,4
536,159,5
580,159,4
15,160,0.5
19,160,4
39,160,3
47,160,3
50,160,3
56,160,2
73,160,3
82,160,2
85,160,3
86,160,2
88,160,2
92,160,2
99,160,2
110,160,3
115,160,2
119,160,2
126,160,3
128,160,4
143,160,1.5
151,160,3
157,160,3
161,160,3
177,160,2
188,160,3
192,160,3
194,160,3
213,160,3
241,160,2
247,160,3
254,160,4
279,160,2
285,160,1
288,160,2
294,160,3.5
306,160,1
308,160,2
311,160,0.5
367,160,2.5
384,160,1
385,160,2
389,160,3
396,160,3
400,160,2
421,160,1
447,160,3
461,160,1.5
463,160,1
468,160,1.5
487,160,3
496,160,3
517,160,1
518,160,3
535,160,3
536,160,3
561,160,2.5
564,160,1
580,160,1.5
590,160,3
597,160,3
619,160,3
639,160,2
649,160,1
659,160,2
2,161,3
15,161,3
30,161,5
47,161,5
49,161,4
50,161,4
75,161,4
77,161,2
85,161,4
92,161,5
94,161,3.5
108,161,3
110,161,4
111,161,4
119,161,4
121,161,4
122,161,3
126,161,4
145,161,5
151,161,5
152,161,4
161,161,5
177,161,4
184,161,3
191,161,4
235,161,4.5
248,161,5
279,161,3
288,161,3
306,161,2
311,161,3
338,161,3
344,161,4
353,161,3
357,161,4
360,161,5
380,161,4
385,161,4
389,161,4
396,161,4
400,161,3
415,161,4
416,161,4
417,161,3.5
442,161,4.5
447,161,4
452,161,3
461,161,2.5
463,161,3
487,161,4
495,161,3
496,161,4
508,161,4
513,161,5
516,161,4
534,161,5
535,161,4
536,161,5
537,161,3
547,161,1
548,161,3
550,161,4
556,161,5
564,161,4
568,161,4
577,161,4.5
588,161,4
590,161,4
598,161,4
607,161,4
619,161,4
624,161,4
633,161,3
639,161,4
647,161,3
649,161,4
654,161,4.5
657,161,4
658,161,4
667,161,4
15,162,4
19,162,5
30,162,1
39,162,5
86,162,3
102,162,5
187,162,4
224,162,5
254,162,4
312,162,4
342,162,3
373,162,5
391,162,5
407,162,4
434,162,4
460,162,3.5
468,162,4
472,162,5
499,162,4
509,162,4.5
514,162,5
529,162,2.5
547,162,3
548,162,4
564,162,5
580,162,3
587,162,3
594,162,5
595,162,5
602,162,5
642,162,5
659,162,4
666,162,5
15,163,2
22,163,4.5
48,163,3.5
57,163,4
60,163,4
73,163,3.5
77,163,3
88,163,3
92,163,5
101,163,2.5
110,163,5
119,163,4
121,163,5
161,163,4
165,163,4
166,163,3.5
168,163,3
174,163,1.5
177,163,4
209,163,4
212,163,2.5
221,163,2.5
247,163,4
254,163,4
268,163,3
285,163,4
288,163,4
291,163,3
294,163,4
295,163,4.5
299,163,4.5
311,163,2.5
328,163,3.5
332,163,3.5
353,163,3.5
385,163,1
388,163,4
389,163,1
422,163,4
437,163,3
457,163,3
461,163,3
464,163,4
514,163,3
516,163,3
520,163,3
532,163,3.5
534,163,4
536,163,5
537,163,5
538,163,3
561,163,4
562,163,4
572,163,2.5
574,163,3.5
584,163,3.5
590,163,3
596,163,3.5
603,163,4
607,163,3.5
624,163,3.5
655,163,4
664,163,4
15,164,4
57,164,3
105,164,4
168,164,3
177,164,4
195,164,4
232,164,5
242,164,5
305,164,3
311,164,2
321,164,4
322,164,3
330,164,3
441,164,4.5
452,164,3
529,164,3
534,164,3
537,164,4
547,164,3
569,164,4
580,164,3
595,164,4
597,164,4
602,164,4
605,164,3
608,164,3
2,165,3
15,165,3
19,165,3
24,165,4
26,165,2.5
30,165,4
32,165,4
36,165,3
39,165,5
41,165,4
42,165,3.5
47,165,4
50,165,4
53,165,4
64,165,3
73,165,3.5
77,165,2.5
82,165,3
85,165,4
88,165,3
89,165,4
92,165,3
105,165,3.5
110,165,5
114,165,3
121,165,3
122,165,2
130,165,2
134,165,4
144,165,4
145,165,5
146,165,3
150,165,3.5
151,165,4
157,165,3
159,165,3.5
161,165,3
165,165,5
168,165,3
177,165,5
182,165,3
188,165,2
191,165,3
194,165,4
195,165,1
201,165,4
212,165,3
213,165,3.5
224,165,4
240,165,3.5
242,165,4
247,165,4
249,165,4
250,165,4.5
254,165,4
268,165,3.5
279,165,3
282,165,4
288,165,4
290,165,4.5
294,165,3
295,165,4
302,165,3
306,165,4
311,165,3
313,165,3.5
317,165,4
330,165,2
339,165,3
344,165,3
353,165,3.5
354,165,2
355,165,3
369,165,3
375,165,3
384,165,3.5
385,165,4
388,165,3
390,165,4
394,165,4
400,165,4
409,165,2
410,165,3
415,165,3
416,165,4
417,165,3
421,165,2
423,165,2.5
440,165,4
447,165,3
452,165,4
455,165,3.5
457,165,2.5
458,165,3.5
461,165,2.5
464,165,4
480,165,5
487,165,3
495,165,3
496,165,4
516,165,4
517,165,4
518,165,3
522,165,3
527,165,1
531,165,0.5
534,165,4
535,165,3
536,165,5
538,165,3
547,165,4.5
552,165,3
556,165,5
560,165,4
562,165,3.5
564,165,4
568,165,4
570,165,5
574,165,3.5
577,165,4.5
586,165,3.5
588,165,3
589,165,3
590,165,4
592,165,5
593,165,4
596,165,3.5
605,165,3
607,165,3.5
619,165,3
624,165,4
627,165,3.5
639,165,3
641,165,4
649,165,3
654,165,4
657,165,3
662,165,3
664,165,3.5
665,165,3
666,165,2
667,165,3
19,166,2
299,166,5
509,166,1
564,166,4
659,167,4
2,168,3
32,168,3
39,168,3
64,168,3
73,168,2.5
105,168,2
110,168,4
119,168,2
128,168,4
174,168,4
182,168,5
212,168,3
213,168,3.5
243,168,3
263,168,3
276,168,1.5
285,168,2
294,168,3
302,168,3
311,168,2
338,168,3
344,168,2
355,168,3
370,168,3
384,168,3
389,168,4
390,168,3
396,168,2
405,168,2.5
416,168,4
421,168,3
447,168,3
452,168,3
461,168,2
463,168,3
487,168,3
496,168,5
516,168,3
534,168,4
548,168,3
590,168,3
619,168,5
665,168,5
11,169,3
73,169,0.5
182,169,3
335,169,2.5
392,169,1.5
515,169,5
518,169,4
564,169,1
15,170,2.5
17,170,4
30,170,4
39,170,3
85,170,3
99,170,2
128,170,5
150,170,2.5
153,170,5
177,170,4
200,170,4
213,170,3
285,170,4
294,170,3
353,170,2
396,170,3
468,170,2
469,170,4.5
496,170,3
534,170,3
564,170,4
605,170,3
624,170,3
639,170,3
647,170,3
664,170,3
86,171,4
121,171,4
312,171,4
407,171,5
537,171,5
564,171,4
15,172,1
17,172,3.5
19,172,1
23,172,2.5
41,172,3.5
73,172,3.5
78,172,5
85,172,3
86,172,3
92,172,1
101,172,2.5
148,172,2.5
150,172,1
161,172,4
174,172,2
177,172,4
185,172,2
194,172,3
209,172,2
212,172,2
213,172,2.5
221,172,2.5
243,172,2
253,172,2
254,172,2
311,172,0.5
367,172,2
384,172,2
389,172,3
396,172,3
447,172,2
470,172,4
514,172,2
518,172,3
535,172,2
550,172,2
552,172,3
564,172,1
580,172,2.5
590,172,3
593,172,5
596,172,3.5
605,172,3
618,172,2
619,172,3
624,172,2
649,172,3
654,172,4
4,173,3
6,173,2
22,173,1.5
32,173,3
41,173,4
47,173,5
49,173,2
60,173,3.5
73,173,3
77,173,2.5
85,173,4
92,173,3
105,173,2
110,173,3
119,173,1
130,173,1
143,173,2
151,173,1
161,173,3
165,173,1.5
168,173,1
177,173,3
188,173,3
194,173,3
199,173,4
212,173,1.5
213,173,2
221,173,2.5
224,173,4
243,173,2.5
253,173,2
254,173,3
268,173,2.5
279,173,2
285,173,3
288,173,3
292,173,3
354,173,4
355,173,1.5
367,173,0.5
384,173,4
385,173,3
389,173,2
390,173,3
396,173,3
398,173,5
421,173,1
426,173,2
433,173,1
447,173,2
453,173,3
461,173,1.5
464,173,2
516,173,3
517,173,4
518,173,1
522,173,3
525,173,3
534,173,2
535,173,3
561,173,1
564,173,4
574,173,2.5
577,173,4
580,173,2.5
589,173,3
590,173,3
593,173,3
605,173,1
619,173,2
95,174,2
150,174,3
182,174,3
564,174,1
15,175,4
39,175,3
73,175,4.5
168,175,3
184,175,4
187,175,4
224,175,5
254,175,3
262,175,5
299,175,4
304,175,4.5
331,175,3
348,175,5
408,175,5
452,175,4
457,175,4.5
487,175,4
509,175,3
514,175,5
564,175,1
580,175,3.5
606,175,5
648,175,4
15,176,4
19,176,4
56,176,4
254,176,5
285,176,5
306,176,3
312,176,3
434,176,4
460,176,1.5
461,176,2.5
472,176,3
509,176,3
514,176,5
537,176,4
547,176,5
564,176,4
595,176,5
608,176,3
19,177,2
39,177,4
73,177,3
85,177,2
92,177,2
243,177,3
285,177,5
311,177,0.5
396,177,3
516,177,3
536,177,5
564,177,2
602,177,3
86,178,5
254,178,5
299,178,3.5
407,178,5
536,178,5
19,179,2
110,179,5
128,179,4
306,179,3
487,179,3
652,179,4
15,180,3
19,180,3
39,180,5
73,180,3.5
86,180,3
119,180,2
150,180,3
159,180,3
184,180,3
187,180,4.5
199,180,3.5
212,180,3.5
219,180,3
239,180,4
285,180,4
292,180,4.5
299,180,3.5
353,180,2.5
380,180,3
388,180,2
408,180,5
423,180,3.5
457,180,3
461,180,4
462,180,3
472,180,2
480,180,3
487,180,3
509,180,2
514,180,3
536,180,4
547,180,0.5
561,180,4.5
562,180,4
564,180,4
580,180,3
598,180,4
602,180,3
607,180,3.5
624,180,3.5
634,180,3.5
654,180,4
664,180,3
665,180,3
21,181,2
85,181,1
92,181,3
161,181,3
165,181,1
192,181,2
239,181,1
241,181,3
254,181,3
285,181,1
420,181,1
453,181,2
518,181,2
536,181,1
564,181,1
564,183,5
254,184,4
564,184,5
2,185,3
4,185,3
15,185,2
17,185,3
23,185,3.5
50,185,3
73,185,2.5
77,185,2
78,185,4.5
85,185,3
88,185,3
108,185,3
110,185,4
111,185,3
114,185,4
120,185,3
122,185,2
126,185,3
144,185,2
145,185,5
148,185,3
150,185,3.5
151,185,3
152,185,1.5
161,185,4
165,185,2.5
177,185,4
182,185,4
191,185,3
192,185,3
200,185,2
212,185,3
213,185,3
225,185,3
242,185,4
247,185,3
266,185,3
279,185,3
285,185,3
288,185,3
292,185,3
294,185,3.5
295,185,3.5
304,185,3.5
306,185,3
311,185,2.5
317,185,4
324,185,3
338,185,3
344,185,3
346,185,4
355,185,2.5
369,185,3
380,185,0.5
385,185,3
389,185,4
390,185,3
394,185,3.5
396,185,3
400,185,1
412,185,3
415,185,4
430,185,3.5
439,185,3
447,185,3
449,185,4
453,185,5
457,185,1.5
461,185,2
468,185,1.5
480,185,4
487,185,3
496,185,5
499,185,1
508,185,3
516,185,3
517,185,5
525,185,4
530,185,3
534,185,4
535,185,2
536,185,4
538,185,3
552,185,2
562,185,3.5
564,185,4
575,185,2
588,185,3
590,185,3
593,185,5
597,185,3
607,185,3
619,185,4
624,185,2.5
627,185,2.5
633,185,2
639,185,2
641,185,4
652,185,4
662,185,4
666,185,3
667,185,3
2,186,3
85,186,3
86,186,1
92,186,3
110,186,4
121,186,3
126,186,2
174,186,3.5
182,186,3
201,186,3
212,186,2.5
243,186,3
276,186,3
288,186,5
295,186,3.5
302,186,3
306,186,3
308,186,3
311,186,2
313,186,3
323,186,3.5
381,186,3
388,186,2.5
416,186,3
421,186,3
431,186,2.5
447,186,3
452,186,1
462,186,2.5
468,186,1.5
471,186,3
487,186,3
516,186,3
517,186,5
518,186,2
536,186,3
547,186,3
562,186,3.5
564,186,3
580,186,1
590,186,3
641,186,3
646,186,4
649,186,2
654,186,3.5
659,186,2
662,186,3
665,186,3
312,187,3
393,187,3.5
439,187,2
39,188,2
85,188,1
92,188,3
285,188,5
370,188,4
388,188,2
396,188,3
403,188,4
496,188,3
516,188,3
536,188,2
564,188,5
602,188,2
609,188,5
617,188,3
659,188,3
564,189,4
81,190,3
312,190,5
514,190,3
608,190,5
647,190,5
659,190,2
80,191,2
516,191,3
551,191,3
639,191,3
650,191,4
15,193,1
73,193,3
78,193,5
92,193,1
110,193,5
127,193,4
130,193,0.5
224,193,4
254,193,3
268,193,2
294,193,3
306,193,2
338,193,2
384,193,2.5
388,193,1
399,193,2
412,193,2
416,193,1
452,193,1
461,193,1.5
477,193,0.5
487,193,3
511,193,1
516,193,3
522,193,2
536,193,3
547,193,3.5
564,193,5
574,193,1
580,193,1.5
590,193,3
601,193,1.5
607,193,2.5
639,193,3
654,193,1
17,194,4
19,194,4
86,194,4
102,194,4
241,194,5
254,194,4
344,194,5
399,194,4
409,194,5
434,194,4
441,194,4.5
502,194,4
509,194,4
514,194,4
536,194,4
537,194,4
547,194,5
555,194,5
564,194,4
587,194,4.5
596,194,5
602,194,4
652,194,4
659,194,4
182,195,4
306,195,2
311,195,3
416,195,4
452,195,4
463,195,3
487,195,4
516,195,3
518,195,3
534,195,2
536,195,4
537,195,2
614,195,3
665,195,4
15,196,2
19,196,3
21,196,3
30,196,2
41,196,3
85,196,3
92,196,3
95,196,3
101,196,3.5
103,196,1.5
105,196,2.5
119,196,2
134,196,2
150,196,1.5
165,196,2
168,196,2
177,196,3
188,196,3
194,196,3
195,196,2
209,196,3
213,196,2.5
241,196,3
247,196,4
254,196,4
279,196,3
306,196,1
319,196,4
331,196,3
345,196,2
346,196,3
380,196,2
385,196,3
396,196,3
439,196,3
461,196,2
464,196,3
516,196,4
518,196,3
533,196,2
536,196,4
551,196,3
552,196,3
555,196,3
564,196,4
574,196,3
580,196,3
590,196,3
593,196,4
597,196,3
619,196,4
639,196,3
641,196,3
649,196,2
666,196,2
7,198,2
15,198,1.5
17,198,5
19,198,3
34,198,3
39,198,5
67,198,4
73,198,4
86,198,3
95,198,4
105,198,4
120,198,2.5
121,198,5
155,198,4
165,198,3
168,198,2
177,198,5
237,198,4
242,198,4
247,198,3
254,198,4
274,198,3.5
285,198,4
312,198,1
313,198,3.5
363,198,4
383,198,3
388,198,3
396,198,4
439,198,4
464,198,4
472,198,1
502,198,4
514,198,3
536,198,5
552,198,4
564,198,4
597,198,3
608,198,5
639,198,2
649,198,2
659,198,2
664,198,4
175,199,4
492,199,3
587,199,3
177,200,4